{
    "version": 1.3,
    "people": [
        {
            "person_id": [
                -1
            ],
            "pose_keypoints_2d": [
                680.058,
                204.062,
                0.933725,
                680.162,
                376.442,
                0.898102,
                508.083,
                396.232,
                0.85335,
                284.938,
                538.81,
                0.925486,
                294.886,
                355.531,
                0.924302,
                842.852,
                376.387,
                0.888257,
                964.806,
                568.822,
                0.800695,
                883.841,
                670.56,
                0.728452,
                670.162,
                782.294,
                0.278682,
                538.684,
                772.337,
                0.294007,
                0,
                0,
                0,
                0,
                0,
                0,
                762.072,
                782.31,
                0.302687,
                0,
                0,
                0,
                0,
                0,
                0,
                619.697,
                193.051,
                0.940095,
                691.161,
                192.884,
                0.94163,
                589.193,
                203.216,
                0.901441,
                761.466,
                203.132,
                0.926392,
                0,
                0,
                0,
                0,
                0,
                0,
                0,
                0,
                0,
                0,
                0,
                0,
                0,
                0,
                0,
                0,
                0,
                0
            ],
            "face_keypoints_2d": [],
            "hand_left_keypoints_2d": [
                893.897,
                641.451,
                0.0665254,
                875.51,
                653.151,
                0.0266131,
                907.269,
                727.535,
                0.0148703,
                922.313,
                694.94,
                0.0217987,
                939.864,
                686.582,
                0.0207325,
                913.119,
                699.954,
                0.0311946,
                920.641,
                701.626,
                0.0185815,
                934.013,
                700.79,
                0.0164137,
                935.685,
                704.133,
                0.0131058,
                918.97,
                704.969,
                0.0283842,
                914.791,
                706.641,
                0.0205058,
                929.835,
                700.79,
                0.0121889,
                934.849,
                704.969,
                0.0112796,
                927.327,
                695.776,
                0.0266938,
                921.477,
                712.491,
                0.0176489,
                927.327,
                700.79,
                0.015002,
                929.835,
                735.057,
                0.0109406,
                927.327,
                699.954,
                0.021421,
                923.148,
                702.462,
                0.0171117,
                928.163,
                728.371,
                0.0174383,
                929.835,
                728.371,
                0.0125731
            ],
            "hand_right_keypoints_2d": [
                303.998,
                316.42,
                0.365786,
                338.97,
                295.049,
                0.499543,
                379.77,
                269.791,
                0.523078,
                387.542,
                220.248,
                0.530028,
                395.313,
                188.191,
                0.720852,
                357.427,
                199.848,
                0.455035,
                360.341,
                197.905,
                0.72028,
                357.427,
                220.248,
                0.578424,
                355.484,
                238.705,
                0.519459,
                330.227,
                199.848,
                0.621414,
                332.17,
                194.019,
                0.869919,
                332.17,
                227.048,
                0.625007,
                331.198,
                263.963,
                0.490443,
                303.027,
                201.791,
                0.720824,
                302.055,
                199.848,
                0.64694,
                307.884,
                234.82,
                0.684416,
                308.855,
                265.906,
                0.623785,
                277.769,
                205.677,
                0.657209,
                276.798,
                206.648,
                0.651996,
                277.769,
                233.848,
                0.620321,
                283.598,
                251.334,
                0.599451
            ],
            "pose_keypoints_3d": [],
            "face_keypoints_3d": [],
            "hand_left_keypoints_3d": [],
            "hand_right_keypoints_3d": []
        }
    ]
}